fileName	type
POS_001	V
POS_002	V
POS_003	V
POS_004	V
POS_005	V
POS_006	V
POS_007	V
POS_008	V
POS_009	V
POS_010	V
POS_011	V
POS_012	V
POS_013	V
POS_014	V
POS_015	V
POS_016	V
POS_017	V
POS_018	V
POS_019	V
POS_020	V
POS_021	V
POS_022	V
POS_023	V
POS_024	V
POS_025	V
POS_026	V
POS_027	V
POS_028	V
POS_029	V
POS_030	V
POS_031	V
POS_032	V
POS_033	V
POS_034	V
POS_035	V
POS_036	V
POS_037	V
POS_039	V
POS_040	V
POS_041	V
POS_042	V
POS_043	V
POS_044	V
POS_045	V
POS_046	V
POS_047	V
POS_048	V
POS_049	V
POS_050	V
POS_051	V
POS_052	V
POS_053	V
POS_055	V
POS_056	V
POS_057	V
POS_058	V
POS_059	V
POS_060	V
POS_061	V
POS_062	V
POS_063	V
POS_064	V
POS_065	V
POS_066	V
POS_067	V
POS_068	V
POS_069	V
POS_070	V
POS_071	V
POS_072	V
POS_073	V
POS_074	V
POS_075	V
POS_076	V
POS_077	V
POS_078	V
POS_079	V
POS_080	V
POS_081	V
POS_082	V
POS_083	V
POS_084	V
POS_085	V
POS_086	V
POS_087	V
POS_088	V
POS_089	V
POS_090	V
POS_092	V
POS_093	V
POS_094	V
POS_095	V
POS_096	V
POS_097	V
POS_098	V
POS_099	V
POS_100	V
POS_101	V
POS_102	V
POS_103	V
POS_104	V
POS_105	V
POS_106	V
POS_107	V
POS_108	V
POS_109	V
POS_111	V
POS_112	V
POS_113	V
POS_114	V
POS_115	V
POS_116	V
POS_117	V
POS_118	V
POS_119	V
POS_120	V
POS_121	V
POS_122	V
POS_123	V
POS_124	V
POS_125	V
POS_126	V
POS_127	V
POS_128	V
POS_129	V
POS_130	V
POS_131	V
POS_132	V
POS_133	V
POS_134	V
POS_135	V
POS_136	V
POS_137	V
POS_138	V
POS_139	V
POS_141	V
POS_142	V
POS_143	V
POS_144	V
POS_145	V
POS_146	V
POS_147	V
POS_148	V
POS_149	V
POS_150	V
POS_151	V
POS_152	V
POS_153	V
POS_154	V
POS_155	V
POS_156	V
POS_157	V
POS_158	V
POS_159	V
POS_160	V
POS_161	V
POS_162	V
POS_163	V
POS_164	V
POS_165	V
POS_166	V
POS_167	V
POS_168	V
POS_169	V
POS_170	V
POS_171	V
POS_172	V
POS_173	V
POS_174	V
POS_175	V
POS_176	V
POS_177	V
POS_178	V
POS_179	V
POS_180	V
POS_181	V
POS_182	V
POS_183	V
POS_184	V
POS_185	V
POS_186	V
POS_187	V
POS_188	V
POS_189	V
POS_190	V
POS_191	V
POS_192	V
POS_193	V
POS_194	V
POS_195	V
POS_196	V
POS_197	V
POS_198	V
POS_199	V
POS_200	V
POS_201	V
POS_202	V
POS_203	V
POS_204	V
POS_205	V
POS_206	V
POS_207	V
POS_208	V
POS_209	V
POS_210	V
POS_211	V
POS_212	V
POS_213	V
POS_214	V
POS_215	V
POS_216	V
POS_217	V
POS_218	V
POS_219	V
POS_220	V
POS_221	V
POS_222	V
POS_223	V
POS_224	V
POS_225	V
POS_226	V
POS_227	V
POS_228	V
POS_229	V
POS_230	V
POS_231	V
POS_232	V
POS_233	V
POS_234	V
POS_236	V
POS_237	V
POS_238	V
POS_239	V
POS_240	V
POS_241	V
POS_242	V
POS_243	V
POS_244	V
POS_245	V
POS_246	V
POS_247	V
POS_249	V
POS_250	V
POS_251	V
POS_252	V
POS_253	V
POS_254	V
POS_255	V
POS_256	V
POS_257	V
POS_258	V
POS_259	V
POS_260	V
POS_261	V
POS_262	V
POS_263	V
POS_264	V
POS_265	V
POS_266	V
POS_267	V
POS_268	V
POS_269	V
POS_270	V
POS_271	V
POS_272	V
POS_273	V
POS_274	V
POS_275	V
POS_276	V
POS_277	V
POS_278	V
POS_279	V
POS_280	V
POS_281	V
POS_282	V
POS_283	V
POS_284	V
POS_285	V
POS_286	V
POS_287	V
POS_288	V
POS_289	V
POS_290	V
POS_291	V
POS_292	V
POS_293	V
POS_295	V
POS_296	V
POS_297	V
POS_298	V
POS_299	V
POS_300	V
POS_301	V
POS_302	V
POS_303	V
POS_304	V
POS_305	V
POS_306	V
POS_307	V
POS_308	V
POS_309	V
POS_310	V
POS_311	V
POS_312	V
POS_313	V
POS_314	V
POS_315	V
POS_316	V
POS_317	V
POS_318	V
POS_319	V
POS_320	V
POS_321	V
POS_322	V
POS_323	V
POS_324	V
POS_325	V
POS_326	V
POS_327	V
POS_328	V
POS_329	V
POS_330	V
POS_331	V
POS_332	V
POS_333	V
POS_334	V
POS_335	V
POS_336	V
POS_337	V
POS_338	V
POS_339	V
POS_340	V
POS_341	V
POS_342	V
POS_343	V
POS_344	V
POS_345	V
POS_346	V
POS_347	V
POS_348	V
POS_349	V
POS_350	V
POS_351	V
POS_352	V
POS_353	V
POS_354	V
POS_355	V
POS_356	V
POS_357	V
POS_358	V
POS_359	V
POS_360	V
POS_361	V
POS_362	V
POS_363	V
POS_364	V
POS_365	V
POS_366	V
POS_367	V
POS_368	V
POS_369	V
POS_370	V
POS_371	V
POS_372	V
POS_373	V
POS_374	V
POS_375	V
POS_376	V
POS_377	V
POS_378	V
POS_379	V
POS_380	V
POS_381	V
POS_382	V
POS_383	V
POS_384	V
POS_385	V
POS_386	V
POS_387	V
POS_388	V
POS_389	V
POS_390	V
POS_391	V
POS_392	V
POS_393	V
POS_394	V
POS_395	V
POS_396	V
POS_397	V
POS_398	V
POS_399	V
POS_400	V
POS_401	V
POS_402	V
POS_403	V
POS_404	V
POS_405	V
POS_406	V
POS_407	V
POS_408	V
POS_409	V
POS_410	V
POS_411	V
POS_412	V
POS_413	V
POS_414	V
POS_415	V
POS_416	V
POS_417	V
POS_418	V
POS_419	V
POS_420	V
POS_421	V
POS_422	V
POS_423	V
POS_424	V
POS_425	V
POS_426	V
POS_427	V
POS_428	V
POS_429	V
POS_430	V
POS_431	V
POS_432	V
POS_433	V
POS_434	V
POS_435	V
POS_436	V
POS_437	V
POS_438	V
NEG_001	C
NEG_002	C
NEG_003	C
NEG_004	C
NEG_005	C
NEG_006	C
NEG_007	C
NEG_008	C
NEG_009	C
NEG_010	C
NEG_011	C
NEG_012	C
NEG_013	C
NEG_014	C
NEG_016	C
NEG_018	C
NEG_019	C
NEG_020	C
NEG_021	C
NEG_022	C
NEG_023	C
NEG_024	C
NEG_025	C
NEG_026	C
NEG_027	C
NEG_028	C
NEG_030	C
NEG_031	C
NEG_032	C
NEG_035	C
NEG_036	C
NEG_037	C
NEG_038	C
NEG_039	C
NEG_040	C
NEG_042	C
NEG_043	C
NEG_046	C
NEG_047	C
NEG_048	C
NEG_049	C
NEG_050	C
NEG_051	C
NEG_052	C
NEG_054	C
NEG_055	C
NEG_056	C
NEG_057	C
NEG_058	C
NEG_059	C
NEG_060	C
NEG_062	C
NEG_063	C
NEG_065	C
